COUNTRY_ID,NAME,NATIONALITY,COUNTRY_CODE,ISO_ALPHA2,CAPITAL,POPULATION,AREA_KM2,REGION_ID,SUB_REGION_ID,INTERMEDIATE_REGION_ID,ORGANIZATION_REGION_ID
1,Afghanistan,Afghan,AFG,AF,Kabul,38041754,652230,30,30,,30
2,Albania,Albanian,ALB,AL,Tirana,2880917,28748,20,70,,20
3,Algeria,Algerian,DZA,DZ,Algiers,43053054,2381741,50,40,,20
4,American Samoa,American Samoan,ASM,AS,Pago Pago,55312,199,40,20,,30
5,Andorra,Andorran,AND,AD,Andorra la Vella,77142,468,20,70,,20
6,Angola,Angolan,AGO,AO,Luanda,31825295,1246700,50,160,80,20
7,Anguilla,Anguillan,AIA,AI,The Valley,14869,91,10,10,60,40
8,Antarctica,Antarctic,ATA,AQ,McMurdo Station,1106,14200000,40,,,30
9,Antigua and Barbuda,Antiguan or Barbudan,ATG,AG,St. John's,97118,442,10,10,60,40
10,Argentina,Argentine,ARG,AR,Buenos Aires,44780677,2780400,10,10,40,40
