[
 {
   "COUNTRY_ID": 1,
   "NAME": "Afghanistan",
   "NATIONALITY": "Afghan",
   "COUNTRY_CODE": "AFG",
   "ISO_ALPHA2": "AF",
   "CAPITAL": "Kabul",
   "POPULATION": 38041754,
   "AREA_KM2": 652230,
   "REGION_ID": 30,
   "SUB_REGION_ID": 30,
   "INTERMEDIATE_REGION_ID": null,
   "ORGANIZATION_REGION_ID": 30
 },
 {
   "COUNTRY_ID": 2,
   "NAME": "Albania",
   "NATIONALITY": "Albanian",
   "COUNTRY_CODE": "ALB",
   "ISO_ALPHA2": "AL",
   "CAPITAL": "Tirana",
   "POPULATION": 2880917,
   "AREA_KM2": 28748,
   "REGION_ID": 20,
   "SUB_REGION_ID": 70,
   "INTERMEDIATE_REGION_ID": null,
   "ORGANIZATION_REGION_ID": 20
 },
 {
   "COUNTRY_ID": 3,
   "NAME": "Algeria",
   "NATIONALITY": "Algerian",
   "COUNTRY_CODE": "DZA",
   "ISO_ALPHA2": "DZ",
   "CAPITAL": "Algiers",
   "POPULATION": 43053054,
   "AREA_KM2": 2381741,
   "REGION_ID": 50,
   "SUB_REGION_ID": 40,
   "INTERMEDIATE_REGION_ID": null,
   "ORGANIZATION_REGION_ID": 20
 },
 {
   "COUNTRY_ID": 4,
   "NAME": "American Samoa",
   "NATIONALITY": "American Samoan",
   "COUNTRY_CODE": "ASM",
   "ISO_ALPHA2": "AS",
   "CAPITAL": "Pago Pago",
   "POPULATION": 55312,
   "AREA_KM2": 199,
   "REGION_ID": 40,
   "SUB_REGION_ID": 20,
   "INTERMEDIATE_REGION_ID": null,
   "ORGANIZATION_REGION_ID": 30
 },
 {
   "COUNTRY_ID": 5,
   "NAME": "Andorra",
   "NATIONALITY": "Andorran",
   "COUNTRY_CODE": "AND",
   "ISO_ALPHA2": "AD",
   "CAPITAL": "Andorra la Vella",
   "POPULATION": 77142,
   "AREA_KM2": 468,
   "REGION_ID": 20,
   "SUB_REGION_ID": 70,
   "INTERMEDIATE_REGION_ID": null,
   "ORGANIZATION_REGION_ID": 20
 },
 {
   "COUNTRY_ID": 6,
   "NAME": "Angola",
   "NATIONALITY": "Angolan",
   "COUNTRY_CODE": "AGO",
   "ISO_ALPHA2": "AO",
   "CAPITAL": "Luanda",
   "POPULATION": 31825295,
   "AREA_KM2": 1246700,
   "REGION_ID": 50,
   "SUB_REGION_ID": 160,
   "INTERMEDIATE_REGION_ID": 80,
   "ORGANIZATION_REGION_ID": 20
 },
 {
   "COUNTRY_ID": 7,
   "NAME": "Anguilla",
   "NATIONALITY": "Anguillan",
   "COUNTRY_CODE": "AIA",
   "ISO_ALPHA2": "AI",
   "CAPITAL": "The Valley",
   "POPULATION": 14869,
   "AREA_KM2": 91,
   "REGION_ID": 10,
   "SUB_REGION_ID": 10,
   "INTERMEDIATE_REGION_ID": 60,
   "ORGANIZATION_REGION_ID": 40
 },
 {
   "COUNTRY_ID": 8,
   "NAME": "Antarctica",
   "NATIONALITY": "Antarctic",
   "COUNTRY_CODE": "ATA",
   "ISO_ALPHA2": "AQ",
   "CAPITAL": "McMurdo Station",
   "POPULATION": 1106,
   "AREA_KM2": 14200000,
   "REGION_ID": 40,
   "SUB_REGION_ID": null,
   "INTERMEDIATE_REGION_ID": null,
   "ORGANIZATION_REGION_ID": 30
 },
 {
   "COUNTRY_ID": 9,
   "NAME": "Antigua and Barbuda",
   "NATIONALITY": "Antiguan or Barbudan",
   "COUNTRY_CODE": "ATG",
   "ISO_ALPHA2": "AG",
   "CAPITAL": "St. John's",
   "POPULATION": 97118,
   "AREA_KM2": 442,
   "REGION_ID": 10,
   "SUB_REGION_ID": 10,
   "INTERMEDIATE_REGION_ID": 60,
   "ORGANIZATION_REGION_ID": 40
 },
 {
   "COUNTRY_ID": 10,
   "NAME": "Argentina",
   "NATIONALITY": "Argentine",
   "COUNTRY_CODE": "ARG",
   "ISO_ALPHA2": "AR",
   "CAPITAL": "Buenos Aires",
   "POPULATION": 44780677,
   "AREA_KM2": 2780400,
   "REGION_ID": 10,
   "SUB_REGION_ID": 10,
   "INTERMEDIATE_REGION_ID": 40,
   "ORGANIZATION_REGION_ID": 40
}
]